,Model,Time Step,Batch Size,Epochs,MSE,R2,MAE,MAPE
0,LSTM,1,32,50,0.0054,0.7988,2210.16,0.0397
1,Bi-LSTM,1,32,50,0.0038,0.8569,1818.5729,0.0322
2,GRU,1,32,50,0.0042,0.8425,1931.8747,0.0346
3,LSTM,1,64,50,0.0052,0.8073,2141.9282,0.0382
4,Bi-LSTM,1,64,50,0.0039,0.8536,1881.19,0.0335
5,GRU,1,64,50,0.004,0.8509,1863.4976,0.0327
6,LSTM,2,32,50,0.0118,0.5622,3455.2985,0.0634
7,Bi-LSTM,2,32,50,0.0048,0.8215,2014.3552,0.0357
8,GRU,2,32,50,0.0085,0.6846,2784.9162,0.0472
9,LSTM,2,64,50,0.0048,0.8239,2035.9825,0.0363
10,Bi-LSTM,2,64,50,0.0045,0.8329,1955.1443,0.0343
11,GRU,2,64,50,0.0056,0.7931,2205.235,0.04
12,LSTM,3,32,50,0.0094,0.6551,2928.1636,0.0498
13,Bi-LSTM,3,32,50,0.0058,0.7843,2279.8987,0.041
14,GRU,3,32,50,0.0113,0.5846,3294.2783,0.0609
15,LSTM,3,64,50,0.0082,0.6971,2654.8013,0.0487
16,Bi-LSTM,3,64,50,0.006,0.7777,2307.66,0.0417
17,GRU,3,64,50,0.0065,0.7608,2338.1603,0.0421
18,LSTM,1,32,100,0.0054,0.7967,2254.0636,0.041
19,Bi-LSTM,1,32,100,0.0044,0.8375,1871.6603,0.0329
20,GRU,1,32,100,0.0044,0.8348,1921.9673,0.0341
21,LSTM,1,64,100,0.0039,0.8559,1846.4902,0.0329
22,Bi-LSTM,1,64,100,0.004,0.8505,1818.1294,0.0322
23,GRU,1,64,100,0.0065,0.7581,2432.3404,0.0415
24,LSTM,2,32,100,0.0107,0.6021,3199.6817,0.0597
25,Bi-LSTM,2,32,100,0.0106,0.6079,3261.6004,0.0601
26,GRU,2,32,100,0.0068,0.749,2520.1158,0.0454
27,LSTM,2,64,100,0.0054,0.8001,2174.8673,0.0387
28,Bi-LSTM,2,64,100,0.0054,0.7987,2147.7358,0.0378
29,GRU,2,64,100,0.0081,0.7006,2797.7987,0.0515
30,LSTM,3,32,100,0.015,0.4469,3749.0059,0.07
31,Bi-LSTM,3,32,100,0.007,0.7419,2514.5009,0.0454
32,GRU,3,32,100,0.0074,0.7279,2610.1536,0.0473
33,LSTM,3,64,100,0.0097,0.6439,2966.1107,0.0549
34,Bi-LSTM,3,64,100,0.0066,0.7548,2454.7798,0.0441
35,GRU,3,64,100,0.0086,0.6821,2819.635,0.051
36,LSTM,1,32,50,0.0049,0.8188,2098.1577,0.0375
37,Bi-LSTM,1,32,50,0.0054,0.7986,2206.7427,0.04
38,GRU,1,32,50,0.0042,0.8421,1917.9739,0.0342
39,LSTM,1,64,50,0.0046,0.83,2043.5001,0.0364
40,Bi-LSTM,1,64,50,0.0041,0.8478,1892.843,0.0333
41,GRU,1,64,50,0.0042,0.845,1904.2952,0.0332
42,LSTM,2,32,50,0.0213,0.211,4922.3397,0.0904
43,Bi-LSTM,2,32,50,0.0055,0.7969,2214.0246,0.0401
44,GRU,2,32,50,0.0069,0.7427,2543.7825,0.0467
45,LSTM,2,64,50,0.0059,0.7818,2207.1103,0.04
46,Bi-LSTM,2,64,50,0.0043,0.8395,1909.1328,0.0338
47,GRU,2,64,50,0.0058,0.7859,2240.3978,0.0408
48,LSTM,3,32,50,0.007,0.7406,2485.4779,0.0453
49,Bi-LSTM,3,32,50,0.0154,0.432,3992.9707,0.0738
50,GRU,3,32,50,0.0093,0.6572,2862.3885,0.0491
51,LSTM,3,64,50,0.0091,0.6652,2832.36,0.0519
52,Bi-LSTM,3,64,50,0.008,0.7063,2686.9186,0.0495
53,GRU,3,64,50,0.0078,0.7129,2653.6575,0.0456
54,LSTM,1,32,50,0.005,0.8142,2128.4054,0.0379
55,Bi-LSTM,1,32,50,0.0039,0.8536,1827.9838,0.0324
56,GRU,1,32,50,0.0042,0.845,1894.9305,0.0333
57,CNN,5,32,50,0.0438,-0.6579,7402.06,0.1299
58,CNN,3,32,50,0.013,0.5223,3637.3744,0.0616
59,CNN,1,32,50,0.0277,-0.0338,5854.7126,0.1014
60,LSTM,1,32,50,0.0115,0.5713,3471.77,0.0625
61,Bi-LSTM,1,32,50,0.0043,0.8392,1949.8595,0.0349
62,GRU,1,32,50,0.0042,0.8417,1934.2477,0.0346
63,LSTM,1,32,50,0.005,0.8146,2116.1794,0.0377
64,Bi-LSTM,1,32,50,0.0039,0.8544,1818.2355,0.0319
65,GRU,1,32,50,0.01,0.6255,3160.2151,0.0538
66,CNN,1,32,50,0.0113,0.5794,3278.4483,0.0573
67,LSTM,1,64,50,0.0043,0.8389,2000.5259,0.0356
68,Bi-LSTM,1,64,50,0.0039,0.854,1875.5688,0.0333
69,GRU,1,64,50,0.0039,0.8546,1854.7873,0.0329
70,CNN,1,64,50,0.0092,0.6566,2953.6138,0.0512
71,LSTM,2,32,50,0.0089,0.6698,2882.8522,0.0528
72,Bi-LSTM,2,32,50,0.0051,0.8101,2070.275,0.0361
73,GRU,2,32,50,0.0056,0.7917,2263.1745,0.0408
74,CNN,2,32,50,0.0103,0.6187,3177.1481,0.0559
75,LSTM,2,64,50,0.0051,0.8119,2079.1755,0.0374
76,Bi-LSTM,2,64,50,0.005,0.8151,2065.6192,0.0372
77,GRU,2,64,50,0.0096,0.6423,3046.5261,0.0561
78,CNN,2,64,50,0.0202,0.2509,4761.0662,0.0843
79,LSTM,3,32,50,0.0066,0.7564,2393.9592,0.0418
80,Bi-LSTM,3,32,50,0.0113,0.5843,3324.1176,0.0616
81,GRU,3,32,50,0.0091,0.665,2898.1245,0.0537
82,CNN,3,32,50,0.0066,0.7574,2343.2402,0.0406
83,LSTM,3,64,50,0.0065,0.7586,2323.7502,0.0422
84,Bi-LSTM,3,64,50,0.0064,0.7637,2357.2193,0.0404
85,GRU,3,64,50,0.0072,0.7328,2529.2078,0.0438
86,CNN,3,64,50,0.0107,0.6065,3219.6306,0.0553
87,LSTM,1,32,100,0.0051,0.8101,2176.0514,0.0394
88,Bi-LSTM,1,32,100,0.0044,0.8342,1895.4214,0.0332
89,GRU,1,32,100,0.0049,0.8157,2083.9508,0.0376
90,CNN,1,32,100,0.0142,0.4712,3863.1444,0.068
91,LSTM,1,64,100,0.0039,0.8536,1858.6967,0.0332
92,Bi-LSTM,1,64,100,0.0044,0.8375,1917.8381,0.0334
93,GRU,1,64,100,0.0051,0.8096,2116.52,0.0365
94,CNN,1,64,100,0.015,0.4393,4054.7488,0.0702
95,LSTM,2,32,100,0.0059,0.7819,2288.1051,0.0415
96,Bi-LSTM,2,32,100,0.0079,0.7054,2754.9187,0.0508
97,GRU,2,32,100,0.0075,0.7218,2686.462,0.0492
98,CNN,2,32,100,0.0117,0.5648,3392.6508,0.0606
99,LSTM,2,64,100,0.0054,0.8013,2168.1372,0.0392
100,Bi-LSTM,2,64,100,0.0053,0.8022,2177.5469,0.0388
101,GRU,2,64,100,0.0059,0.7814,2259.5641,0.0398
102,CNN,2,64,100,0.0174,0.3555,4391.3362,0.0774
103,LSTM,3,32,100,0.0089,0.6734,2852.7522,0.0499
104,Bi-LSTM,3,32,100,0.0075,0.725,2605.1544,0.0475
105,GRU,3,32,100,0.0101,0.6264,3107.2124,0.0573
106,CNN,3,32,100,0.009,0.6677,2872.4324,0.051
107,LSTM,3,64,100,0.0088,0.6762,2824.3199,0.049
108,LSTM,1,32,100,0.0041,0.8484,1829.068,0.0326
109,Bi-LSTM,1,32,100,0.0046,0.8298,1924.5551,0.0339
110,GRU,1,32,100,0.0052,0.8056,2103.6663,0.0364
111,CNN,1,32,100,0.0187,0.3017,4586.8274,0.0811
112,LSTM,1,64,100,0.0038,0.8563,1847.4281,0.0328
113,Bi-LSTM,1,64,100,0.0046,0.8293,1977.3306,0.0343
114,GRU,1,64,100,0.0058,0.7832,2284.4631,0.0391
115,CNN,1,64,100,0.0121,0.5493,3495.2656,0.0615
116,LSTM,2,32,100,0.0112,0.5856,3274.7444,0.0611
117,Bi-LSTM,2,32,100,0.0064,0.764,2431.4707,0.0443
118,GRU,2,32,100,0.0069,0.7445,2470.8024,0.0428
119,CNN,2,32,100,0.0053,0.805,2176.2315,0.0388
120,LSTM,2,64,100,0.0061,0.7734,2308.5514,0.0397
121,Bi-LSTM,2,64,100,0.0053,0.802,2165.8406,0.0384
122,GRU,2,64,100,0.0073,0.7287,2634.1674,0.0484
123,CNN,2,64,100,0.0136,0.4959,3707.7973,0.0663
124,LSTM,3,32,100,0.0091,0.666,2851.9453,0.0526
125,Bi-LSTM,3,32,100,0.0055,0.7986,2153.2981,0.0384
126,GRU,3,32,100,0.0157,0.4197,4047.8487,0.0749
127,CNN,3,32,100,0.011,0.5954,3333.2286,0.058
128,LSTM,3,64,100,0.0118,0.5659,3283.0035,0.0615
129,Bi-LSTM,3,64,100,0.008,0.7053,2609.8869,0.0452
130,GRU,3,64,100,0.0092,0.6619,2940.2931,0.0543
131,CNN,3,64,100,0.0307,-0.1332,6111.669,0.1062
132,LSTM,5,32,50,0.0154,0.4178,3657.4816,0.0688
133,Bi-LSTM,5,32,50,0.0082,0.6883,2637.0961,0.0485
134,GRU,5,32,50,0.0082,0.6886,2771.2746,0.05
135,CNN,5,32,50,0.0341,-0.2919,6472.3494,0.1147
136,LSTM,5,64,50,0.01,0.6196,2884.628,0.054
137,Bi-LSTM,5,64,50,0.0061,0.7698,2183.872,0.0399
138,GRU,5,64,50,0.0097,0.6316,3097.2271,0.0529
139,CNN,5,64,50,0.0309,-0.169,6192.9093,0.109
140,LSTM,5,32,100,0.0099,0.6239,2807.4988,0.0523
141,Bi-LSTM,5,32,100,0.0057,0.7827,2059.6606,0.0375
142,GRU,5,32,100,0.0214,0.1893,4758.9516,0.089
143,CNN,5,32,100,0.0292,-0.1054,5943.7521,0.1045
144,LSTM,5,64,100,0.0108,0.5919,3088.3389,0.057
145,Bi-LSTM,5,64,100,0.0073,0.723,2426.6131,0.0446
146,GRU,5,64,100,0.0101,0.6188,3160.3448,0.0553
147,CNN,5,64,100,0.0254,0.0384,5459.7181,0.0962
148,LSTM Sent,1,32,50,0.0067,0.8516,2461.2996,0.0466
149,Bi-LSTM Sent,1,32,50,0.0084,0.8148,2732.1388,0.051
150,GRU Sent,1,32,50,0.0098,0.7842,2963.6914,0.0546
151,CNN Sent,1,32,50,0.0197,0.5649,4117.5252,0.0741
152,LSTM Sent,1,64,50,0.0076,0.8327,2585.0608,0.0487
153,Bi-LSTM Sent,1,64,50,0.0082,0.8194,2700.424,0.0506
154,GRU Sent,1,64,50,0.009,0.8021,2846.4151,0.0529
155,CNN Sent,1,64,50,0.013,0.7127,3419.3494,0.0625
156,LSTM Sent,2,32,50,0.0072,0.843,2594.2014,0.0498
157,Bi-LSTM Sent,2,32,50,0.012,0.74,3317.2416,0.0612
158,GRU Sent,2,32,50,0.0108,0.7654,3193.0178,0.0591
159,CNN Sent,2,32,50,0.0276,0.4016,5015.6744,0.0889
160,LSTM Sent,2,64,50,0.0081,0.8247,2756.8786,0.0528
161,Bi-LSTM Sent,2,64,50,0.0079,0.8283,2749.3835,0.052
162,GRU Sent,2,64,50,0.0067,0.8541,2483.4704,0.0476
163,CNN Sent,2,64,50,0.031,0.3279,5206.6919,0.0916
164,LSTM Sent,3,32,50,0.0113,0.7565,3315.0856,0.0619
165,Bi-LSTM Sent,3,32,50,0.0101,0.7827,3071.685,0.057
166,GRU Sent,3,32,50,0.008,0.8276,2719.7629,0.0512
167,CNN Sent,3,32,50,0.0257,0.4473,5033.4664,0.0933
168,LSTM Sent,3,64,50,0.0141,0.6962,3710.8486,0.069
169,Bi-LSTM Sent,3,64,50,0.0108,0.7679,3202.5122,0.0596
170,GRU Sent,3,64,50,0.0109,0.7652,3245.3798,0.0604
171,CNN Sent,3,64,50,0.0377,0.1887,6024.6432,0.108
172,LSTM Sent,5,32,50,0.0279,0.4051,5300.2242,0.0955
173,Bi-LSTM Sent,5,32,50,0.0198,0.5766,4461.9164,0.0826
174,GRU Sent,5,32,50,0.0162,0.6538,4001.1913,0.0721
175,CNN Sent,5,32,50,0.0332,0.2914,5825.3437,0.1076
176,LSTM Sent,5,64,50,0.0217,0.5369,4570.522,0.0826
177,Bi-LSTM Sent,5,64,50,0.0187,0.6005,4321.2891,0.0795
178,GRU Sent,5,64,50,0.0205,0.5627,4534.8849,0.0829
179,CNN Sent,5,64,50,0.0323,0.3102,5609.6989,0.1002
180,LSTM Sent,1,32,100,0.0058,0.8709,2299.939,0.0436
181,Bi-LSTM Sent,1,32,100,0.0085,0.8122,2718.877,0.0503
182,GRU Sent,1,32,100,0.0087,0.807,2767.7455,0.0509
183,CNN Sent,1,32,100,0.0236,0.4792,4616.4062,0.0838
184,LSTM Sent,1,64,100,0.0057,0.8741,2268.8151,0.0433
185,Bi-LSTM Sent,1,64,100,0.009,0.8022,2810.9846,0.0521
186,GRU Sent,1,64,100,0.0069,0.8486,2479.8663,0.0464
187,CNN Sent,1,64,100,0.021,0.5369,4279.2873,0.0767
188,LSTM Sent,2,32,100,0.007,0.8479,2556.9987,0.0487
189,Bi-LSTM Sent,2,32,100,0.0094,0.796,2873.2694,0.0533
190,GRU Sent,2,32,100,0.006,0.8695,2324.8101,0.0441
191,CNN Sent,2,32,100,0.023,0.501,4548.7869,0.081
192,LSTM Sent,2,64,100,0.0079,0.8292,2731.585,0.052
193,Bi-LSTM Sent,2,64,100,0.0147,0.6803,3718.6415,0.0682
194,GRU Sent,2,64,100,0.0054,0.8822,2174.7442,0.0418
195,CNN Sent,2,64,100,0.0304,0.3411,5121.1321,0.0902
196,LSTM Sent,3,32,100,0.0117,0.7473,3379.12,0.0623
197,Bi-LSTM Sent,3,32,100,0.014,0.6984,3555.9968,0.0653
198,GRU Sent,3,32,100,0.0151,0.6745,3832.3659,0.0704
199,CNN Sent,3,32,100,0.0214,0.5383,4531.7822,0.0827
200,LSTM Sent,3,64,100,0.0131,0.718,3600.5656,0.0668
201,Bi-LSTM Sent,3,64,100,0.0113,0.756,3233.6202,0.0602
202,GRU Sent,3,64,100,0.017,0.6339,4124.3919,0.0758
203,CNN Sent,3,64,100,0.0344,0.26,5821.3457,0.1059
204,LSTM Sent,5,32,100,0.0304,0.3519,5597.6012,0.1009
205,Bi-LSTM Sent,5,32,100,0.0227,0.5161,4758.4735,0.0869
206,GRU Sent,5,32,100,0.0206,0.5612,4562.0337,0.0823
207,CNN Sent,5,32,100,0.0325,0.3059,5700.9076,0.1031
208,LSTM Sent,5,64,100,0.0135,0.7127,3557.4917,0.0652
209,Bi-LSTM Sent,5,64,100,0.0239,0.4907,4898.835,0.0897
210,GRU Sent,5,64,100,0.0233,0.5021,4939.5631,0.0901
211,CNN Sent,5,64,100,0.0569,-0.2143,7869.4019,0.144
212,LSTM,10,32,50,0.0096,0.6426,3084.1283,0.0539
213,Bi-LSTM,10,32,50,0.015,0.4424,3905.9865,0.073
214,GRU,10,32,50,0.0084,0.6885,2675.1713,0.0498
215,CNN,10,32,50,0.009,0.6666,3035.8047,0.0534
216,LSTM,10,64,50,0.0169,0.3738,4008.9006,0.0766
217,Bi-LSTM,10,64,50,0.0058,0.7845,2081.2311,0.0379
218,GRU,10,64,50,0.0151,0.439,3796.4909,0.0729
219,CNN,10,64,50,0.0096,0.6451,3119.1104,0.0544
220,LSTM,10,32,100,0.0078,0.7122,2577.2485,0.0485
221,Bi-LSTM,10,32,100,0.009,0.6645,2759.4103,0.0521
222,GRU,10,32,100,0.0089,0.6706,2677.3434,0.0498
223,CNN,10,32,100,0.0383,-0.4182,6904.1331,0.1212
224,LSTM,10,64,100,0.0089,0.6704,2689.1994,0.0508
225,Bi-LSTM,10,64,100,0.006,0.7777,2220.8798,0.0402
226,GRU,10,64,100,0.0081,0.7004,2725.7008,0.0497
227,CNN,10,64,100,0.0108,0.6007,3300.4006,0.0569
228,LSTM,1,128,100,0.0038,0.8566,1868.758,0.0331
229,Bi-LSTM,1,128,100,0.0044,0.8346,1978.8048,0.0355
230,GRU,1,128,100,0.0058,0.7827,2321.6118,0.0398
231,CNN,1,128,100,0.01,0.6286,3130.7638,0.0545
232,LSTM,2,128,50,0.0051,0.8126,2054.7588,0.0367
233,Bi-LSTM,2,128,50,0.0052,0.8076,2079.831,0.0376
234,GRU,2,128,50,0.0056,0.7911,2241.4163,0.0385
235,CNN,2,128,50,0.0116,0.5695,3360.0723,0.0596
236,LSTM,3,128,50,0.0071,0.7396,2446.5903,0.0445
237,Bi-LSTM,3,128,50,0.0052,0.8079,2115.5283,0.0368
238,GRU,3,128,50,0.0055,0.7958,2182.9701,0.0382
239,CNN,3,128,50,0.0119,0.5626,3349.6658,0.0569
240,LSTM,5,128,100,0.0082,0.6883,2785.0836,0.0492
241,Bi-LSTM,5,128,100,0.0099,0.6261,2922.9497,0.054
242,GRU,5,128,100,0.0099,0.6237,3124.516,0.0537
243,CNN,5,128,100,0.0353,-0.3346,6644.9658,0.117
244,LSTM,10,128,100,0.0076,0.7184,2608.4071,0.0466
245,Bi-LSTM,10,128,100,0.0057,0.7869,2293.7324,0.0402
246,GRU,10,128,100,0.0079,0.7065,2843.3851,0.0512
247,CNN,10,128,100,0.0143,0.4683,3932.2775,0.068
248,LSTM,1,32,50,0.0059,0.7791,2317.7169,0.0417
249,Bi-LSTM,1,32,50,0.0042,0.8444,1920.5397,0.0344
250,GRU,1,32,50,0.0069,0.7428,2545.5484,0.0434
251,CNN,1,32,50,0.0107,0.602,3171.3256,0.0551
252,CNN-LSTM,1,32,50,0.0041,0.848,1868.4641,0.0333
253,CNN-LSTM,1,64,50,0.0158,0.4101,4100.9807,0.0699
254,CNN-LSTM,2,32,50,0.009,0.6667,2949.4448,0.0516
255,CNN-LSTM,2,64,50,0.0108,0.5996,3282.4058,0.056
256,CNN-LSTM,1,32,50,0.0036,0.8652,1870.7309,0.0328
257,CNN-LSTM,1,64,50,0.0096,0.6403,3010.6982,0.0509
258,CNN-LSTM,2,32,50,0.0045,0.8324,1999.1691,0.0349
259,CNN-LSTM,2,64,50,0.0092,0.6573,2972.9384,0.0511
260,CNN,1,32,50,0.0124,0.5387,3557.3788,0.0617
261,CNN,1,64,50,0.0148,0.4464,3998.1953,0.0691
262,CNN,2,32,50,0.0127,0.53,3617.5326,0.0646
263,CNN,2,64,50,0.0203,0.2488,4742.5772,0.0831
264,LSTM Sent,1,32,50,0.0061,0.8658,2326.1816,0.0444
265,Bi-LSTM Sent,1,32,50,0.0062,0.864,2372.5026,0.045
266,GRU Sent,1,32,50,0.0077,0.8303,2638.4353,0.0492
267,CNN Sent,1,32,50,0.0204,0.5507,4210.482,0.0754
268,LSTM Sent,1,64,50,0.0063,0.8616,2365.3631,0.0451
269,Bi-LSTM Sent,1,64,50,0.0072,0.8421,2549.3159,0.0481
270,GRU Sent,1,64,50,0.0107,0.7634,3100.949,0.0571
271,CNN Sent,1,64,50,0.0137,0.6966,3482.7358,0.0636
272,CNN-LSTM Sent,1,32,50,0.0126,0.7223,3315.4044,0.0607
273,CNN-LSTM Sent,1,64,50,0.0124,0.7257,3387.69,0.0617
274,CNN-LSTM Sent,2,32,50,0.0207,0.55,4390.1307,0.0796
275,CNN-LSTM Sent,2,64,50,0.028,0.3919,5107.1539,0.0914
276,CNN-LSTM Sent,1,32,50,0.0209,0.539,4491.5958,0.0821
277,CNN-LSTM Sent,1,64,50,0.0195,0.5707,4270.4627,0.0769
278,CNN-LSTM Sent,2,32,50,0.0124,0.7318,3335.4028,0.0619
279,CNN-LSTM Sent,2,64,50,0.0225,0.5111,4562.6998,0.0821
280,CNN-LSTM Sent,1,32,100,0.028,0.3819,5215.117,0.0943
281,CNN-LSTM Sent,1,64,100,0.0154,0.6601,3764.7312,0.0678
282,CNN-LSTM Sent,2,32,100,0.0218,0.5263,4483.0363,0.0809
283,CNN-LSTM Sent,2,64,100,0.0262,0.4318,4931.5082,0.0885
